,,Decimal,,,Hex,,,,,,,
Code,LSB,Device,Subdevice,Function,Device,Function,Width,Product,Key,Binary,Binary,Binary LSB
0xFF52AD,0x00FF4AB5,0,-1,74,0x0,0x4A,32,Capello DVD,Power,00000000 11111111 01010010 10101101,00000000111111110101001010101101,00000000111111110100101010110101
0xFF4AB5,0x00FF52AD,0,-1,82,0x0,0x52,32,Capello DVD,Eject,00000000 11111111 01001010 10110101,00000000111111110100101010110101,00000000111111110101001010101101
0xFF7A85,0x00FF5EA1,0,-1,94,0x0,0x5E,32,Capello DVD,Slow,00000000 11111111 01111010 10000101,00000000111111110111101010000101,00000000111111110101111010100001
0xFFE01F,0x00FF07F8,0,-1,7,0x0,0x7,32,Disco ball remote,Music 1,00000000 11111111 11100000 00011111,00000000111111111110000000011111,00000000111111110000011111111000
0xFF10EF,0x00FF08F7,0,-1,8,0x0,0x8,32,Disco ball remote,A4,00000000 11111111 00010000 11101111,00000000111111110001000011101111,00000000111111110000100011110111
0xFF906F,0x00FF09F6,0,-1,9,0x0,0x9,32,Disco ball remote,Music 3,00000000 11111111 10010000 01101111,00000000111111111001000001101111,00000000111111110000100111110110
0xFF30CF,0x00FF0CF3,0,-1,12,0x0,0xC,32,Disco ball remote,A1,00000000 11111111 00110000 11001111,00000000111111110011000011001111,00000000111111110000110011110011
0xFFA857,0x00FF15EA,0,-1,21,0x0,0x15,32,Disco ball remote,Music 2,00000000 11111111 10101000 01010111,00000000111111111010100001010111,00000000111111110001010111101010
0xFF18E7,0x00FF18E7,0,-1,24,0x0,0x18,32,Disco ball remote,A2,00000000 11111111 00011000 11100111,00000000111111110001100011100111,00000000111111110001100011100111
0xFF9867,0x00FF19E6,0,-1,25,0x0,0x19,32,Disco ball remote,Flash,00000000 11111111 10011000 01100111,00000000111111111001100001100111,00000000111111110001100111100110
0xFF38C7,0x00FF1CE3,0,-1,28,0x0,0x1C,32,Disco ball remote,A5,00000000 11111111 00111000 11000111,00000000111111110011100011000111,00000000111111110001110011100011
0xFF02FD,0x00FF40BF,0,-1,64,0x0,0x40,32,Disco ball remote,Stop/Start,00000000 11111111 00000010 11111101,00000000111111110000001011111101,00000000111111110100000010111111
0xFF42BD,0x00FF42BD,0,-1,66,0x0,0x42,32,Disco ball remote,A7,00000000 11111111 01000010 10111101,00000000111111110100001010111101,00000000111111110100001010111101
0xFFA25D,0x00FF45BA,0,-1,69,0x0,0x45,32,Disco ball remote,On/Off,00000000 11111111 10100010 01011101,00000000111111111010001001011101,00000000111111110100010110111010
0xFFE21D,0x00FF47B8,0,-1,71,0x0,0x47,32,Disco ball remote,DMX On/Off,00000000 11111111 11100010 00011101,00000000111111111110001000011101,00000000111111110100011110111000
0xFF52AD,0x00FF4AB5,0,-1,74,0x0,0x4A,32,Disco ball remote,Speed + (flash/motor),00000000 11111111 01010010 10101101,00000000111111110101001010101101,00000000111111110100101010110101
0xFF4AB5,0x00FF52AD,0,-1,82,0x0,0x52,32,Disco ball remote,Speed - (flash/motor),00000000 11111111 01001010 10110101,00000000111111110100101010110101,00000000111111110101001010101101
0xFF5AA5,0x00FF5AA5,0,-1,90,0x0,0x5A,32,Disco ball remote,A6,00000000 11111111 01011010 10100101,00000000111111110101101010100101,00000000111111110101101010100101
0xFF7A85,0x00FF5EA1,0,-1,94,0x0,0x5E,32,Disco ball remote,A3,00000000 11111111 01111010 10000101,00000000111111110111101010000101,00000000111111110101111010100001
0x1FE807F,0x807F01FE,128,-1,1,0x80,0x1,32,Etekcity 4x1 HDMI Switch,IN4,00000001 11111110 10000000 01111111,00000001111111101000000001111111,10000000011111110000000111111110
0x1FE40BF,0x807F02FD,128,-1,2,0x80,0x2,32,Etekcity 4x1 HDMI Switch,IN5,00000001 11111110 01000000 10111111,00000001111111100100000010111111,10000000011111110000001011111101
0x1FEC03F,0x807F03FC,128,-1,3,0x80,0x3,32,Etekcity 4x1 HDMI Switch,Cycle,00000001 11111110 11000000 00111111,00000001111111101100000000111111,10000000011111110000001111111100
0x1FE20DF,0x807F04FB,128,-1,4,0x80,0x4,32,Etekcity 4x1 HDMI Switch,2.0CH,00000001 11111110 00100000 11011111,00000001111111100010000011011111,10000000011111110000010011111011
0x1FE20DF,0x807F04FB,128,-1,4,0x80,0x4,32,Etekcity 4x1 HDMI Switch,Auto,00000001 11111110 00100000 11011111,00000001111111100010000011011111,10000000011111110000010011111011
0x1FEA05F,0x807F05FA,128,-1,5,0x80,0x5,32,Etekcity 4x1 HDMI Switch,5.1CH,00000001 11111110 10100000 01011111,00000001111111101010000001011111,10000000011111110000010111111010
0x1FE609F,0x807F06F9,128,-1,6,0x80,0x6,32,Etekcity 4x1 HDMI Switch,7.1CH,00000001 11111110 01100000 10011111,00000001111111100110000010011111,10000000011111110000011011111001
0x1FE906F,0x807F09F6,128,-1,9,0x80,0x9,32,Etekcity 4x1 HDMI Switch,ARC,00000001 11111110 10010000 01101111,00000001111111101001000001101111,10000000011111110000100111110110
0x1FE50AF,0x807F0AF5,128,-1,10,0x80,0xA,32,Etekcity 4x1 HDMI Switch,PIP,00000001 11111110 01010000 10101111,00000001111111100101000010101111,10000000011111110000101011110101
0x1FE30CF,0x807F0CF3,128,-1,12,0x80,0xC,32,Etekcity 4x1 HDMI Switch,RED,00000001 11111110 00110000 11001111,00000001111111100011000011001111,10000000011111110000110011110011
0x1FEB04F,0x807F0DF2,128,-1,13,0x80,0xD,32,Etekcity 4x1 HDMI Switch,GREEN,00000001 11111110 10110000 01001111,00000001111111101011000001001111,10000000011111110000110111110010
0x1FE708F,0x807F0EF1,128,-1,14,0x80,0xE,32,Etekcity 4x1 HDMI Switch,YELLOW,00000001 11111110 01110000 10001111,00000001111111100111000010001111,10000000011111110000111011110001
0x1FE48B7,0x807F12ED,128,-1,18,0x80,0x12,32,Etekcity 4x1 HDMI Switch,IN1,00000001 11111110 01001000 10110111,00000001111111100100100010110111,10000000011111110001001011101101
0x1FE58A7,0x807F1AE5,128,-1,26,0x80,0x1A,32,Etekcity 4x1 HDMI Switch,IN2,00000001 11111110 01011000 10100111,00000001111111100101100010100111,10000000011111110001101011100101
0x1FED827,0x807F1BE4,128,-1,27,0x80,0x1B,32,Etekcity 4x1 HDMI Switch,SEL,00000001 11111110 11011000 00100111,00000001111111101101100000100111,10000000011111110001101111100100
0x1FE7887,0x807F1EE1,128,-1,30,0x80,0x1E,32,Etekcity 4x1 HDMI Switch,IN3,00000001 11111110 01111000 10000111,00000001111111100111100010000111,10000000011111110001111011100001
0x1FEF807,0x807F1FE0,128,-1,31,0x80,0x1F,32,Etekcity 4x1 HDMI Switch,Enter,00000001 11111110 11111000 00000111,00000001111111101111100000000111,10000000011111110001111111100000
0xFF41BE,0x00FF827D,0,-1,130,0x0,0x82,32,Fangor 1080P Projector,Forward,,,
0xFFC13E,0x00FF837C,0,-1,131,0x0,0x83,32,Fangor 1080P Projector,Rew,,,
0xFF21DE,0x00FF847B,0,-1,132,0x0,0x84,32,Fangor 1080P Projector,GOTO,,,
0xFFA15E,0x00FF857A,0,-1,133,0x0,0x85,32,Fangor 1080P Projector,3,,,
0xFF619E,0x00FF8679,0,-1,134,0x0,0x86,32,Fangor 1080P Projector,2,,,
0xFFE11E,0x00FF8778,0,-1,135,0x0,0x87,32,Fangor 1080P Projector,1,,,
0xFF11EE,0x00FF8877,0,-1,136,0x0,0x88,32,Fangor 1080P Projector,Mute,00000000 11111111 00010001 11101110,00000000111111110001000111101110,00000000111111111000100001110111
0xFF916E,0x00FF8976,0,-1,137,0x0,0x89,32,Fangor 1080P Projector,6,,,
0xFF51AE,0x00FF8A75,0,-1,138,0x0,0x8A,32,Fangor 1080P Projector,5,,,
0xFFD12E,0x00FF8B74,0,-1,139,0x0,0x8B,32,Fangor 1080P Projector,4,,,
0xFF31CE,0x00FF8C73,0,-1,140,0x0,0x8C,32,Fangor 1080P Projector,Volume -,00000000 11111111 00110001 11001110,00000000111111110011000111001110,00000000111111111000110001110011
0xFFB14E,0x00FF8D72,0,-1,141,0x0,0x8D,32,Fangor 1080P Projector,9,,,
0xFF718E,0x00FF8E71,0,-1,142,0x0,0x8E,32,Fangor 1080P Projector,8,,,
0xFFF10E,0x00FF8F70,0,-1,143,0x0,0x8F,32,Fangor 1080P Projector,7,,,
0xFF09F6,0x00FF906F,0,-1,144,0x0,0x90,32,Fangor 1080P Projector,Back,,,
0xFF8976,0x00FF916E,0,-1,145,0x0,0x91,32,Fangor 1080P Projector,Menu,,,
0xFF49B6,0x00FF926D,0,-1,146,0x0,0x92,32,Fangor 1080P Projector,0,,,
0xFFC936,0x00FF936C,0,-1,147,0x0,0x93,32,Fangor 1080P Projector,Stop,,,
0xFF29D6,0x00FF946B,0,-1,148,0x0,0x94,32,Fangor 1080P Projector,Zoom,,,
0xFFA956,0x00FF956A,0,-1,149,0x0,0x95,32,Fangor 1080P Projector,Up,,,
0xFF6996,0x00FF9669,0,-1,150,0x0,0x96,32,Fangor 1080P Projector,Source,,,
0xFFE916,0x00FF9768,0,-1,151,0x0,0x97,32,Fangor 1080P Projector,Play/Pause,,,
0xFF19E6,0x00FF9867,0,-1,152,0x0,0x98,32,Fangor 1080P Projector,FF,,,
0xFF9966,0x00FF9966,0,-1,153,0x0,0x99,32,Fangor 1080P Projector,Right,,,
0xFF59A6,0x00FF9A65,0,-1,154,0x0,0x9A,32,Fangor 1080P Projector,Down,,,
0xFFD926,0x00FF9B64,0,-1,155,0x0,0x9B,32,Fangor 1080P Projector,Left,,,
0xFF39C6,0x00FF9C63,0,-1,156,0x0,0x9C,32,Fangor 1080P Projector,Flip,,,
0xFF7986,0x00FF9E61,0,-1,158,0x0,0x9E,32,Fangor 1080P Projector,OK,00000000 11111111 01111001 10000110,00000000111111110111100110000110,00000000111111111001111001100001
0xFF25DA,0x00FFA45B,0,-1,164,0x0,0xA4,32,Fangor 1080P Projector,Exit,,,
0xFF15EA,0x00FFA857,0,-1,168,0x0,0xA8,32,Fangor 1080P Projector,Power,00000000 11111111 00010101 11101010,00000000111111110001010111101010,00000000111111111010100001010111
0xFF6B94,0x00FFD629,0,-1,214,0x0,0xD6,32,Fangor 1080P Projector,Volume +,00000000 11111111 01101011 10010100,00000000111111110110101110010100,00000000111111111101011000101001
0x1FEA05F,0x807F05FA,128,-1,5,0x80,0x5,32,FERRISA 4x1 HDMI Switch,1,00000001 11111110 10100000 01011111,00000001111111101010000001011111,10000000011111110000010111111010
0x1FEE01F,0x807F07F8,128,-1,7,0x80,0x7,32,FERRISA 4x1 HDMI Switch,2,00000001 11111110 11100000 00011111,00000001111111101110000000011111,10000000011111110000011111111000
0x1FE906F,0x807F09F6,128,-1,9,0x80,0x9,32,FERRISA 4x1 HDMI Switch,3,00000001 11111110 10010000 01101111,00000001111111101001000001101111,10000000011111110000100111110110
0x1FE48B7,0x807F12ED,128,-1,18,0x80,0x12,32,FERRISA 4x1 HDMI Switch,Power,00000001 11111110 01001000 10110111,00000001111111100100100010110111,10000000011111110001001011101101
0x1FED827,0x807F1BE4,128,-1,27,0x80,0x1B,32,FERRISA 4x1 HDMI Switch,4,00000001 11111110 11011000 00100111,00000001111111101101100000100111,10000000011111110001101111100100
0x4FB807F,0x20DF01FE,32,-1,1,0x20,0x1,32,General Electric APH10AAG1 Air Conditioner,Temp Cooler,00000100 11111011 10000000 01111111,00000100111110111000000001111111,00100000110111110000000111111110
0x4FB40BF,0x20DF02FD,32,-1,2,0x20,0x2,32,General Electric APH10AAG1 Air Conditioner,Mode,00000100 11111011 01000000 10111111,00000100111110110100000010111111,00100000110111110000001011111101
0x4FB906F,0x20DF09F6,32,-1,9,0x20,0x9,32,General Electric APH10AAG1 Air Conditioner,Fan Speed,00000100 11111011 10010000 01101111,00000100111110111001000001101111,00100000110111110000100111110110
0x4FB8877,0x20DF11EE,32,-1,17,0x20,0x11,32,General Electric APH10AAG1 Air Conditioner,Timer Off,00000100 11111011 10001000 01110111,00000100111110111000100001110111,00100000110111110001000111101110
0x4FB48B7,0x20DF12ED,32,-1,18,0x20,0x12,32,General Electric APH10AAG1 Air Conditioner,Temp Hotter,00000100 11111011 01001000 10110111,00000100111110110100100010110111,00100000110111110001001011101101
0x4FB9867,0x20DF19E6,32,-1,25,0x20,0x19,32,General Electric APH10AAG1 Air Conditioner,Timer On,00000100 11111011 10011000 01100111,00000100111110111001100001100111,00100000110111110001100111100110
0x4FB58A7,0x20DF1AE5,32,-1,26,0x20,0x1A,32,General Electric APH10AAG1 Air Conditioner,Power Toggle,00000100 11111011 01011000 10100111,00000100111110110101100010100111,00100000110111110001101011100101
,,,-1,,0x0,0x0,32,General Electric APH10AAG1 Air Conditioner,Circulaire,,#VALUE!,#VALUE!
0xFF10EF,0x00FF08F7,0,-1,8,0x0,0x8,32,LED kit for lego,Light on,,,
0xFFB04F,0x00FF0DF2,0,-1,13,0x0,0xD,32,LED kit for lego,100%,,,
0xFF6897,0x00FF16E9,0,-1,22,0x0,0x16,32,LED kit for lego,25%,,,
0xFF9867,0x00FF19E6,0,-1,25,0x0,0x19,32,LED kit for lego,50%,,,
0xFF38C7,0x00FF1CE3,0,-1,28,0x0,0x1C,32,LED kit for lego,Breath lamp,,,
0xFF02FD,0x00FF40BF,0,-1,64,0x0,0x40,32,LED kit for lego,1h,,,
0xFFC23D,0x00FF43BC,0,-1,67,0x0,0x43,32,LED kit for lego,2h,,,
0xFF22DD,0x00FF44BB,0,-1,68,0x0,0x44,32,LED kit for lego,0.5h,,,
0xFFA25D,0x00FF45BA,0,-1,69,0x0,0x45,32,LED kit for lego,On,,,
0xFFE21D,0x00FF47B8,0,-1,71,0x0,0x47,32,LED kit for lego,Off,,,
0xFF5AA5,0x00FF5AA5,0,-1,90,0x0,0x5A,32,LED kit for lego,Flash light,,,
0xFF00FF,0x00FF00FF,0,-1,0,0x0,0x0,32,Merkury Cafe Lights,M8,00000000 11111111 00000000 11111111,00000000111111110000000011111111,00000000111111110000000011111111
0xFF807F,0x00FF01FE,0,-1,1,0x0,0x1,32,Merkury Cafe Lights,On,00000000 11111111 10000000 01111111,00000000111111111000000001111111,00000000111111110000000111111110
0xFFC03F,0x00FF03FC,0,-1,3,0x0,0x3,32,Merkury Cafe Lights,Auto,00000000 11111111 11000000 00111111,00000000111111111100000000111111,00000000111111110000001111111100
0xFF20DF,0x00FF04FB,0,-1,4,0x0,0x4,32,Merkury Cafe Lights,M7,00000000 11111111 00100000 11011111,00000000111111110010000011011111,00000000111111110000010011111011
0xFF609F,0x00FF06F9,0,-1,6,0x0,0x6,32,Merkury Cafe Lights,Off,00000000 11111111 01100000 10011111,00000000111111110110000010011111,00000000111111110000011011111001
0xFF906F,0x00FF09F6,0,-1,9,0x0,0x9,32,Merkury Cafe Lights,Red,00000000 11111111 10010000 01101111,00000000111111111001000001101111,00000000111111110000100111110110
0xFF50AF,0x00FF0AF5,0,-1,10,0x0,0xA,32,Merkury Cafe Lights,4H,00000000 11111111 01010000 10101111,00000000111111110101000010101111,00000000111111110000101011110101
0xFF30CF,0x00FF0CF3,0,-1,12,0x0,0xC,32,Merkury Cafe Lights,4♪,00000000 11111111 00110000 11001111,00000000111111110011000011001111,00000000111111110000110011110011
0xFFB04F,0x00FF0DF2,0,-1,13,0x0,0xD,32,Merkury Cafe Lights,White,00000000 11111111 10110000 01001111,00000000111111111011000001001111,00000000111111110000110111110010
0xFF708F,0x00FF0EF1,0,-1,14,0x0,0xE,32,Merkury Cafe Lights,8H,00000000 11111111 01110000 10001111,00000000111111110111000010001111,00000000111111110000111011110001
0xFFF00F,0x00FF0FF0,0,-1,15,0x0,0xF,32,Merkury Cafe Lights,3♪,00000000 11111111 11110000 00001111,00000000111111111111000000001111,00000000111111110000111111110000
0xFF08F7,0x00FF10EF,0,-1,16,0x0,0x10,32,Merkury Cafe Lights,Voice Control,00000000 11111111 00001000 11110111,00000000111111110000100011110111,00000000111111110001000011101111
0xFF8877,0x00FF11EE,0,-1,17,0x0,0x11,32,Merkury Cafe Lights,Magenta,00000000 11111111 10001000 01110111,00000000111111111000100001110111,00000000111111110001000111101110
0xFF48B7,0x00FF12ED,0,-1,18,0x0,0x12,32,Merkury Cafe Lights,M2,00000000 11111111 01001000 10110111,00000000111111110100100010110111,00000000111111110001001011101101
0xFF28D7,0x00FF14EB,0,-1,20,0x0,0x14,32,Merkury Cafe Lights,2♪,00000000 11111111 00101000 11010111,00000000111111110010100011010111,00000000111111110001010011101011
0xFFA857,0x00FF15EA,0,-1,21,0x0,0x15,32,Merkury Cafe Lights,MULTICOLOR,00000000 11111111 10101000 01010111,00000000111111111010100001010111,00000000111111110001010111101010
0xFF6897,0x00FF16E9,0,-1,22,0x0,0x16,32,Merkury Cafe Lights,M3,00000000 11111111 01101000 10010111,00000000111111110110100010010111,00000000111111110001011011101001
0xFFE817,0x00FF17E8,0,-1,23,0x0,0x17,32,Merkury Cafe Lights,M1,00000000 11111111 11101000 00010111,00000000111111111110100000010111,00000000111111110001011111101000
0xFF9867,0x00FF19E6,0,-1,25,0x0,0x19,32,Merkury Cafe Lights,Yellow,00000000 11111111 10011000 01100111,00000000111111111001100001100111,00000000111111110001100111100110
0xFF58A7,0x00FF1AE5,0,-1,26,0x0,0x1A,32,Merkury Cafe Lights,Time Off,00000000 11111111 01011000 10100111,00000000111111110101100010100111,00000000111111110001101011100101
0xFFD827,0x00FF1BE4,0,-1,27,0x0,0x1B,32,Merkury Cafe Lights,Cyan,00000000 11111111 11011000 00100111,00000000111111111101100000100111,00000000111111110001101111100100
0xFF38C7,0x00FF1CE3,0,-1,28,0x0,0x1C,32,Merkury Cafe Lights,1♪,00000000 11111111 00111000 11000111,00000000111111110011100011000111,00000000111111110001110011100011
0xFFB847,0x00FF1DE2,0,-1,29,0x0,0x1D,32,Merkury Cafe Lights,Green,00000000 11111111 10111000 01000111,00000000111111111011100001000111,00000000111111110001110111100010
0xFF7887,0x00FF1EE1,0,-1,30,0x0,0x1E,32,Merkury Cafe Lights,6H,00000000 11111111 01111000 10000111,00000000111111110111100010000111,00000000111111110001111011100001
0xFFF807,0x00FF1FE0,0,-1,31,0x0,0x1F,32,Merkury Cafe Lights,Blue,00000000 11111111 11111000 00000111,00000000111111111111100000000111,00000000111111110001111111100000
0xFF02FD,0x00FF40BF,0,-1,64,0x0,0x40,32,Merkury Cafe Lights,M5,00000000 11111111 00000010 11111101,00000000111111110000001011111101,00000000111111110100000010111111
0xFF32CD,0x00FF4CB3,0,-1,76,0x0,0x4C,32,Merkury Cafe Lights,M6,00000000 11111111 00110010 11001101,00000000111111110011001011001101,00000000111111110100110010110011
0xFFB24D,0x00FF4DB2,0,-1,77,0x0,0x4D,32,Merkury Cafe Lights,M4,00000000 11111111 10110010 01001101,00000000111111111011001001001101,00000000111111110100110110110010
0x1FE807F,0x807F01FE,128,-1,1,0x80,0x1,32,OmniBreeze Premium Tower Fan with Internal Oscillation,Fan Speed,00000001 11111110 10000000 01111111,00000001111111101000000001111111,10000000011111110000000111111110
0x1FEC03F,0x807F03FC,128,-1,3,0x80,0x3,32,OmniBreeze Premium Tower Fan with Internal Oscillation,Oscillate,00000001 11111110 11000000 00111111,00000001111111101100000000111111,10000000011111110000001111111100
0x1FEE01F,0x807F07F8,128,-1,7,0x80,0x7,32,OmniBreeze Premium Tower Fan with Internal Oscillation,Sleep Timer,00000001 11111110 11100000 00011111,00000001111111101110000000011111,10000000011111110000011111111000
0x1FE906F,0x807F09F6,128,-1,9,0x80,0x9,32,OmniBreeze Premium Tower Fan with Internal Oscillation,Breeze Mode,00000001 11111110 10010000 01101111,00000001111111101001000001101111,10000000011111110000100111110110
0x1FE48B7,0x807F12ED,128,-1,18,0x80,0x12,32,OmniBreeze Premium Tower Fan with Internal Oscillation,Auto Mode,00000001 11111110 01001000 10110111,00000001111111100100100010110111,10000000011111110001001011101101
0x1FE58A7,0x807F1AE5,128,-1,26,0x80,0x1A,32,OmniBreeze Premium Tower Fan with Internal Oscillation,Power,00000001 11111110 01011000 10100111,00000001111111100101100010100111,10000000011111110001101011100101
0x1FE7887,0x807F1EE1,128,-1,30,0x80,0x1E,32,OmniBreeze Premium Tower Fan with Internal Oscillation,Mute,00000001 11111110 01111000 10000111,00000001111111100111100010000111,10000000011111110001111011100001
0xFFE01F,0xFF07F8,0,-1,7,0x0,0x7,32,QFX TMS-801 speaker,EQ,,,
0xFF10EF,0xFF08F7,0,-1,8,0x0,0x8,32,QFX TMS-801 speaker,4,,,
0xFF906F,0xFF09F6,0,-1,9,0x0,0x9,32,QFX TMS-801 speaker,Vol+,,,
0xFF30CF,0xFF0CF3,0,-1,12,0x0,0xC,32,QFX TMS-801 speaker,1,,,
0xFFB04F,0xFF0DF2,0,-1,13,0x0,0xD,32,QFX TMS-801 speaker,USB/SD,,,
0xFFA857,0xFF15EA,0,-1,21,0x0,0x15,32,QFX TMS-801 speaker,Vol-,,,
0xFF6897,0xFF16E9,0,-1,22,0x0,0x16,32,QFX TMS-801 speaker,0,,,
0xFF18E7,0xFF18E7,0,-1,24,0x0,0x18,32,QFX TMS-801 speaker,2,,,
0xFF9867,0xFF19E6,0,-1,25,0x0,0x19,32,QFX TMS-801 speaker,RPT,,,
0xFF38C7,0xFF1CE3,0,-1,28,0x0,0x1C,32,QFX TMS-801 speaker,5,,,
0xFF02FD,0xFF40BF,0,-1,64,0x0,0x40,32,QFX TMS-801 speaker,Prev,,,
0xFF42BD,0xFF42BD,0,-1,66,0x0,0x42,32,QFX TMS-801 speaker,7,,,
0xFFC23D,0xFF43BC,0,-1,67,0x0,0x43,32,QFX TMS-801 speaker,Next,,,
0xFF22DD,0xFF44BB,0,-1,68,0x0,0x44,32,QFX TMS-801 speaker,Play/Pause,,,
0xFFA25D,0xFF45BA,0,-1,69,0x0,0x45,32,QFX TMS-801 speaker,Power,,,
0xFF629D,0xFF46B9,0,-1,70,0x0,0x46,32,QFX TMS-801 speaker,Mode,,,
0xFFE21D,0xFF47B8,0,-1,71,0x0,0x47,32,QFX TMS-801 speaker,Mute,,,
0xFF52AD,0xFF4AB5,0,-1,74,0x0,0x4A,32,QFX TMS-801 speaker,9,,,
0xFF4AB5,0xFF52AD,0,-1,82,0x0,0x52,32,QFX TMS-801 speaker,8,,,
0xFF5AA5,0xFF5AA5,0,-1,90,0x0,0x5A,32,QFX TMS-801 speaker,6,,,
0xFF7A85,0xFF5EA1,0,-1,94,0x0,0x5E,32,QFX TMS-801 speaker,3,,,
0x5743C03F,0xEAC203FC,234,-1,3,0xEA,0x3,32,Roku (C2EA),Home (562859),01010111 01000011 11000000 00111111,01010111010000111100000000111111,11101010110000100000001111111100
0x5743AD52,0xEAC2B54A,234,-1,181,0xEA,0xB5,32,Roku (C2EA),discovery+ (593290),,,
0x57431DE2,0xEAC2B847,234,-1,184,0xEA,0xB8,32,Roku (C2EA),fubo (43465),,,
0x574343BC,0xEAC2C23D,234,-1,194,0xEA,0xC2,32,Roku (C2EA),YouTube (837),,,
0x57430BF4,0xEAC2D02F,234,-1,208,0xEA,0xD0,32,Roku (C2EA),Red Bull TV (51320),,,
,,,-1,,0x0,0x0,32,Roku (C2EA),Jellyfin (592369),,,
,,,-1,,0x0,0x0,32,Roku (C2EA),Netflix (12),,,
,,,-1,,0x0,0x0,32,Roku (C2EA),Disney+ (291097),,,
,,,-1,,0x0,0x0,32,Roku (C2EA),RokuChannel (151908),,,
0x5723C03F,0xEAC403FC,234,-1,3,0xEA,0x3,32,Roku (C4EA),Home (562859),,,
0x57238877,0xEAC411EE,234,-1,17,0xEA,0x11,32,Roku (C4EA),Disney+ (291097),,,
0x57239867,0xEAC419E6,234,-1,25,0xEA,0x19,32,Roku (C4EA),Up,,,
0x57237887,0xEAC41EE1,234,-1,30,0xEA,0x1E,32,Roku (C4EA),Left,,,
0x572354AB,0xEAC42AD5,234,-1,42,0xEA,0x2A,32,Roku (C4EA),OK,,,
0x5723B44B,0xEAC42DD2,234,-1,45,0xEA,0x2D,32,Roku (C4EA),Right,,,
0x5723CC33,0xEAC433CC,234,-1,51,0xEA,0x33,32,Roku (C4EA),Down,,,
0x5723CC33,0xEAC433CC,234,-1,51,0xEA,0x33,32,Roku (C4EA),Down,,,
0x57232CD3,0xEAC434CB,234,-1,52,0xEA,0x34,32,Roku (C4EA),Rev,,,
0x57236C93,0xEAC436C9,234,-1,54,0xEA,0x36,32,Roku (C4EA),ViX,,,
0x5723D22D,0xEAC44BB4,234,-1,75,0xEA,0x4B,32,Roku (C4EA),Netflix (12),,,
0x572332CD,0xEAC44CB3,234,-1,76,0xEA,0x4C,32,Roku (C4EA),Play/Pause,,,
0x5723AA55,0xEAC455AA,234,-1,85,0xEA,0x55,32,Roku (C4EA),Fwd,,,
0x57238679,0xEAC4619E,234,-1,97,0xEA,0x61,32,Roku (C4EA),*,,,
0x57236699,0xEAC46699,234,-1,102,0xEA,0x66,32,Roku (C4EA),Back,,,
0x57239669,0xEAC46996,234,-1,105,0xEA,0x69,32,Roku (C4EA),RokuChannel (151908),,,
0x57231EE1,0xEAC47887,234,-1,120,0xEA,0x78,32,Roku (C4EA),Replay,,,
0x10EF00FF,0x8F700FF,8,-1,0,0x8,0x0,32,Tigersecu TS-2MP-402T16 DVR,TOUR,,,
0x10EF807F,0x8F701FE,8,-1,1,0x8,0x1,32,Tigersecu TS-2MP-402T16 DVR,MUTE,,,
0x10EF40BF,0x8F702FD,8,-1,2,0x8,0x2,32,Tigersecu TS-2MP-402T16 DVR,IRIS+,,,
0x10EFA05F,0x8F705FA,8,-1,5,0x8,0x5,32,Tigersecu TS-2MP-402T16 DVR,AUTO,,,
0x10EF609F,0x8F706F9,8,-1,6,0x8,0x6,32,Tigersecu TS-2MP-402T16 DVR,GRID_16,,,
0x10EFD02F,0x8F70BF4,8,-1,11,0x8,0xB,32,Tigersecu TS-2MP-402T16 DVR,REC,,,
0x10EF30CF,0x8F70CF3,8,-1,12,0x8,0xC,32,Tigersecu TS-2MP-402T16 DVR,LOCK,,,
0x10EFB04F,0x8F70DF2,8,-1,13,0x8,0xD,32,Tigersecu TS-2MP-402T16 DVR,0,,,
0x10EF6897,0x8F716E9,8,-1,22,0x8,0x16,32,Tigersecu TS-2MP-402T16 DVR,7,,,
0x10EF9867,0x8F719E6,8,-1,25,0x8,0x19,32,Tigersecu TS-2MP-402T16 DVR,9,,,
0x10EF58A7,0x8F71AE5,8,-1,26,0x8,0x1A,32,Tigersecu TS-2MP-402T16 DVR,4,,,
0x10EF38C7,0x8F71CE3,8,-1,28,0x8,0x1C,32,Tigersecu TS-2MP-402T16 DVR,2,,,
0x10EFB847,0x8F71DE2,8,-1,29,0x8,0x1D,32,Tigersecu TS-2MP-402T16 DVR,3,,,
0x10EFF807,0x8F71FE0,8,-1,31,0x8,0x1F,32,Tigersecu TS-2MP-402T16 DVR,1,,,
0x10EF02FD,0x8F740BF,8,-1,64,0x8,0x40,32,Tigersecu TS-2MP-402T16 DVR,6,,,
0x10EF827D,0x8F741BE,8,-1,65,0x8,0x41,32,Tigersecu TS-2MP-402T16 DVR,PIP,,,
0x10EF629D,0x8F746B9,8,-1,70,0x8,0x46,32,Tigersecu TS-2MP-402T16 DVR,8,,,
0x10EF52AD,0x8F74AB5,8,-1,74,0x8,0x4A,32,Tigersecu TS-2MP-402T16 DVR,ZOOM,,,
0x10EFD22D,0x8F74BB4,8,-1,75,0x8,0x4B,32,Tigersecu TS-2MP-402T16 DVR,+10,,,
0x10EFB24D,0x8F74DB2,8,-1,77,0x8,0x4D,32,Tigersecu TS-2MP-402T16 DVR,GRID_9,,,
0x10EF728D,0x8F74EB1,8,-1,78,0x8,0x4E,32,Tigersecu TS-2MP-402T16 DVR,RIGHT/FF,,,
0x10EFF20D,0x8F74FB0,8,-1,79,0x8,0x4F,32,Tigersecu TS-2MP-402T16 DVR,ESC,,,
0x10EF4AB5,0x8F752AD,8,-1,82,0x8,0x52,32,Tigersecu TS-2MP-402T16 DVR,OSD,,,
0x10EFCA35,0x8F753AC,8,-1,83,0x8,0x53,32,Tigersecu TS-2MP-402T16 DVR,PTZ,,,
0x10EF2AD5,0x8F754AB,8,-1,84,0x8,0x54,32,Tigersecu TS-2MP-402T16 DVR,IRIS-,,,
0x10EFAA55,0x8F755AA,8,-1,85,0x8,0x55,32,Tigersecu TS-2MP-402T16 DVR,GRID_13,,,
0x10EFEA15,0x8F757A8,8,-1,87,0x8,0x57,32,Tigersecu TS-2MP-402T16 DVR,PLAY,,,
0x10EF9A65,0x8F759A6,8,-1,89,0x8,0x59,32,Tigersecu TS-2MP-402T16 DVR,5,,,
0x10EF5AA5,0x8F75AA5,8,-1,90,0x8,0x5A,32,Tigersecu TS-2MP-402T16 DVR,ENTER/MODE,,,
0x10EFDA25,0x8F75BA4,8,-1,91,0x8,0x5B,32,Tigersecu TS-2MP-402T16 DVR,UP/SLOW,,,
0x10EF3AC5,0x8F75CA3,8,-1,92,0x8,0x5C,32,Tigersecu TS-2MP-402T16 DVR,DOWN/PAUSE,,,
0x10EFBA45,0x8F75DA2,8,-1,93,0x8,0x5D,32,Tigersecu TS-2MP-402T16 DVR,GRID_4,,,
0x10EF7A85,0x8F75EA1,8,-1,94,0x8,0x5E,32,Tigersecu TS-2MP-402T16 DVR,LEFT/RW,,,
0x10EFFA05,0x8F75FA0,8,-1,95,0x8,0x5F,32,Tigersecu TS-2MP-402T16 DVR,MENU/II,,,
,,,-1,,0x0,0x0,32,Tigersecu TS-2MP-402T16 DVR,,,,
0x40BF00FF,0x02FD00FF,2,-1,0,0x2,0x0,32,Vesync Icicle Meteor Shower Lights,ON,,01000000101111110000000011111111,00000010111111010000000011111111
0x40BF807F,0x02FD01FE,2,-1,1,0x2,0x1,32,Vesync Icicle Meteor Shower Lights,TIMER OFF,,01000000101111111000000001111111,00000010111111010000000111111110
0x40BF40BF,0x02FD02FD,2,-1,2,0x2,0x2,32,Vesync Icicle Meteor Shower Lights,OFF,,01000000101111110100000010111111,00000010111111010000001011111101
0x40BF20DF,0x02FD04FB,2,-1,4,0x2,0x4,32,Vesync Icicle Meteor Shower Lights,6H,,01000000101111110010000011011111,00000010111111010000010011111011
0x40BFA05F,0x02FD05FA,2,-1,5,0x2,0x5,32,Vesync Icicle Meteor Shower Lights,8H,,01000000101111111010000001011111,00000010111111010000010111111010
0x40BF609F,0x02FD06F9,2,-1,6,0x2,0x6,32,Vesync Icicle Meteor Shower Lights,6639H,,01000000101111110110000010011111,00000010111111010000011011111001
0x40BF10EF,0x02FD08F7,2,-1,8,0x2,0x8,32,Vesync Icicle Meteor Shower Lights,1(note),,01000000101111110001000011101111,00000010111111010000100011110111
0x40BF906F,0x02FD09F6,2,-1,9,0x2,0x9,32,Vesync Icicle Meteor Shower Lights,1,,01000000101111111001000001101111,00000010111111010000100111110110
0x40BF50AF,0x02FD0AF5,2,-1,10,0x2,0xA,32,Vesync Icicle Meteor Shower Lights,2,,01000000101111110101000010101111,00000010111111010000101011110101
0x40BF30CF,0x02FD0CF3,2,-1,12,0x2,0xC,32,Vesync Icicle Meteor Shower Lights,2(note),,01000000101111110011000011001111,00000010111111010000110011110011
0x40BFB04F,0x02FD0DF2,2,-1,13,0x2,0xD,32,Vesync Icicle Meteor Shower Lights,3,,01000000101111111011000001001111,00000010111111010000110111110010
0x40BF708F,0x02FD0EF1,2,-1,14,0x2,0xE,32,Vesync Icicle Meteor Shower Lights,4,,01000000101111110111000010001111,00000010111111010000111011110001
0x40BF08F7,0x02FD10EF,2,-1,16,0x2,0x10,32,Vesync Icicle Meteor Shower Lights,3(note),,01000000101111110000100011110111,00000010111111010001000011101111
0x40BF8877,0x02FD11EE,2,-1,17,0x2,0x11,32,Vesync Icicle Meteor Shower Lights,5,,01000000101111111000100001110111,00000010111111010001000111101110
0x40BF48B7,0x02FD12ED,2,-1,18,0x2,0x12,32,Vesync Icicle Meteor Shower Lights,6,,01000000101111110100100010110111,00000010111111010001001011101101
0x40BF28D7,0x02FD14EB,2,-1,20,0x2,0x14,32,Vesync Icicle Meteor Shower Lights,4(note),,01000000101111110010100011010111,00000010111111010001010011101011
0x40BFA857,0x02FD15EA,2,-1,21,0x2,0x15,32,Vesync Icicle Meteor Shower Lights,7,,01000000101111111010100001010111,00000010111111010001010111101010
0x40BF6897,0x02FD16E9,2,-1,22,0x2,0x16,32,Vesync Icicle Meteor Shower Lights,8,,01000000101111110110100010010111,00000010111111010001011011101001
0x40BF9867,0x02FD19E6,2,-1,25,0x2,0x19,32,Vesync Icicle Meteor Shower Lights,DIM -,,01000000101111111001100001100111,00000010111111010001100111100110
0x40BF58A7,0x02FD1AE5,2,-1,26,0x2,0x1A,32,Vesync Icicle Meteor Shower Lights,DIM +,,01000000101111110101100010100111,00000010111111010001101011100101
0x20DF00FF,0x04FB00FF,4,-1,0,0x4,0x0,32,Vizio TV,Channel +,,,
0x20DF807F,0x04FB01FE,4,-1,1,0x4,0x1,32,Vizio TV,Channel -,,,
0x20DF40BF,0x04FB02FD,4,-1,2,0x4,0x2,32,Vizio TV,Volume +,,,
0x20DFC03F,0x04FB03FC,4,-1,3,0x4,0x3,32,Vizio TV,Volume -,,,
0x20DF10EF,0x04FB08F7,4,-1,8,0x4,0x8,32,Vizio TV,Power,,,
0x20DF906F,0x04FB09F6,4,-1,9,0x4,0x9,32,Vizio TV,Mute,,,
0x20DF50AF,0x04FB0AF5,4,-1,10,0x4,0xA,32,Vizio TV,MTS,,,
0x20DFD02F,0x04FB0BF4,4,-1,11,0x4,0xB,32,Vizio TV,Audio,,,
0x20DF08F7,0x04FB10EF,4,-1,16,0x4,0x10,32,Vizio TV,0,,,
0x20DF8877,0x04FB11EE,4,-1,17,0x4,0x11,32,Vizio TV,1,,,
0x20DF48B7,0x04FB12ED,4,-1,18,0x4,0x12,32,Vizio TV,2,,,
0x20DFC837,0x04FB13EC,4,-1,19,0x4,0x13,32,Vizio TV,3,,,
0x20DF28D7,0x04FB14EB,4,-1,20,0x4,0x14,32,Vizio TV,4,,,
0x20DFA857,0x04FB15EA,4,-1,21,0x4,0x15,32,Vizio TV,5,,,
0x20DF6897,0x04FB16E9,4,-1,22,0x4,0x16,32,Vizio TV,6,,,
0x20DFE817,0x04FB17E8,4,-1,23,0x4,0x17,32,Vizio TV,7,,,
0x20DF18E7,0x04FB18E7,4,-1,24,0x4,0x18,32,Vizio TV,8,,,
0x20DF9867,0x04FB19E6,4,-1,25,0x4,0x19,32,Vizio TV,9,,,
0x20DFD827,0x04FB1BE4,4,-1,27,0x4,0x1B,32,Vizio TV,Info,,,
0x20DF38C7,0x04FB1CE3,4,-1,28,0x4,0x1C,32,Vizio TV,Guide,,,
0x20DFB847,0x04FB1DE2,4,-1,29,0x4,0x1D,32,Vizio TV,List,,,
0x20DF04FB,0x04FB20DF,4,-1,32,0x4,0x20,32,Vizio TV,Mute On,,,
0x20DF847B,0x04FB21DE,4,-1,33,0x4,0x21,32,Vizio TV,Mute Off,,,
0x20DFA45B,0x04FB25DA,4,-1,37,0x4,0x25,32,Vizio TV,Power Off,,,
0x20DF54AB,0x04FB2AD5,4,-1,42,0x4,0x2A,32,Vizio TV,Power On,,,
0x20DFF40B,0x04FB2FD0,4,-1,47,0x4,0x2F,32,Vizio TV,Input,,,
0x20DF0CF3,0x04FB30CF,4,-1,48,0x4,0x30,32,Vizio TV,Stop,,,
0x20DFCC33,0x04FB33CC,4,-1,51,0x4,0x33,32,Vizio TV,Play,,,
0x20DFEC13,0x04FB37C8,4,-1,55,0x4,0x37,32,Vizio TV,Pause,,,
0x20DF9C63,0x04FB39C6,4,-1,57,0x4,0x39,32,Vizio TV,CC,,,
0x20DFE21D,0x04FB47B8,4,-1,71,0x4,0x47,32,Vizio TV,Dpad Left,,,
0x20DF12ED,0x04FB48B7,4,-1,72,0x4,0x48,32,Vizio TV,Dpad Right,,,
0x20DF926D,0x04FB49B6,4,-1,73,0x4,0x49,32,Vizio TV,Exit,,,
0x20DF52AD,0x04FB4AB5,4,-1,74,0x4,0x4A,32,Vizio TV,Back,,,
0x20DFF20D,0x04FB4FB0,4,-1,79,0x4,0x4F,32,Vizio TV,Menu,,,
0x20DF5AA5,0x04FB5AA5,4,-1,90,0x4,0x5A,32,Vizio TV,Component,,,
0x20DF817E,0x04FB817E,4,-1,129,0x4,0x81,32,Vizio TV,HDMI 1,,,
0x20DF41BE,0x04FB827D,4,-1,130,0x4,0x82,32,Vizio TV,HDMI 2,,,
0x20DFC13E,0x04FB837C,4,-1,131,0x4,0x83,32,Vizio TV,HDMI 3,,,
0x20DF21DE,0x04FB847B,4,-1,132,0x4,0x84,32,Vizio TV,HDMI 4,,,
0x20DF19E6,0x04FB9867,4,-1,152,0x4,0x98,32,Vizio TV,RGB,,,
0x20DF857A,0x04FBA15E,4,-1,161,0x4,0xA1,32,Vizio TV,AV,,,
0x20DF639C,0x04FBC639,4,-1,198,0x4,0xC6,32,Vizio TV,HDMI,,,
0x20DF6B94,0x04FBD629,4,-1,214,0x4,0xD6,32,Vizio TV,TV,,,
0x20DFFF00,0x04FBFF00,4,-1,255,0x4,0xFF,32,Vizio TV,Enter,,,